{"cameraMode":{"drawMode":0,"name":"Shaded","section":"Shading Mode"},"sceneLighting":false,"audioPlay":false,"sceneViewState":{"m_AlwaysRefresh":false,"showFog":true,"showSkybox":false,"showFlares":true,"showImageEffects":true,"showParticleSystems":true,"showVisualEffectGraphs":true,"m_FxEnabled":true},"in2DMode":false,"pivot":{"x":-49.979576110839847,"y":-16.433002471923829,"z":2.0866646766662599},"rotation":{"x":0.12021519243717194,"y":-0.6890592575073242,"z":0.11749613285064697,"w":0.7049540877342224},"size":30.944299697875978,"orthographic":false}